"llm","acc","acc_pct","lo95","hi95"
"claude-opus-4-5-20251101",0.916666666666667,91.6666666666667,88.3333333333333,94.6666666666667
"gpt-5.1-2025-11-13",0.886666666666667,88.6666666666667,85,92.3333333333333
"deepseek-v3.2",0.883333333333333,88.3333333333333,84.6666666666667,92
"grok-4-0709",0.88,88,84.3333333333333,91.6666666666667
"gemini-3-pro-preview",0.87,87,83,90.6666666666667
"kimi-k2-thinking",0.856666666666667,85.6666666666667,81.6666666666667,89.3333333333333
