model,n_questions,n_missed,miss_rate,miss_rate_pct
kimi-k2-thinking,300,43,0.14333333333333334,14.333333333333334
gemini-3-pro-preview,300,39,0.13,13.0
grok-4-0709,300,36,0.12,12.0
deepseek-v3.2,300,35,0.11666666666666667,11.666666666666666
gpt-5.1-2025-11-13,300,34,0.11333333333333333,11.333333333333332
claude-opus-4-5-20251101,300,25,0.08333333333333333,8.333333333333332
