"npar","AIC","BIC","logLik","-2*log(L)","Chisq","Df","Pr(>Chisq)"
3,1024.14668738174,1040.6333132134,-509.073343690871,1018.14668738174,NA,NA,NA
8,1023.25468566266,1067.21902121374,-503.627342831331,1007.25468566266,10.89200171908,5,0.0535638201177254
